{"stats":{"minecraft:used":{"minecraft:cooked_mutton":1,"minecraft:stone_pickaxe":83,"minecraft:wooden_pickaxe":8,"minecraft:cooked_chicken":1,"minecraft:rotten_flesh":7,"minecraft:torch":3,"minecraft:glow_berries":2,"minecraft:dirt":4,"minecraft:crafting_table":5,"minecraft:acacia_sapling":1,"minecraft:wooden_axe":58,"minecraft:iron_pickaxe":22,"cobblemon:pc":12,"minecraft:stone_axe":74,"minecraft:cobblestone":24,"minecraft:bow":2,"minecraft:porkchop":1,"minecraft:furnace":1,"minecraft:egg":2,"minecraft:cooked_beef":7,"minecraft:cobbled_deepslate":1},"minecraft:mined":{"megamons:anistarite_geode_block":2,"minecraft:deepslate_diamond_ore":5,"minecraft:cherry_log":20,"minecraft:crafting_table":5,"minecraft:acacia_log":26,"minecraft:grass_block":1,"minecraft:cobblestone":2,"minecraft:copper_ore":4,"minecraft:tall_grass":3,"minecraft:deepslate_gold_ore":3,"minecraft:spawner":2,"minecraft:furnace":1,"minecraft:iron_ore":9,"minecraft:grass":31,"minecraft:deepslate_iron_ore":6,"minecraft:coal_ore":40,"minecraft:oak_log":12,"minecraft:dirt":3,"minecraft:mangrove_log":18,"minecraft:stone":36,"minecraft:deepslate":2},"minecraft:picked_up":{"minecraft:crafting_table":5,"minecraft:cooked_beef":7,"minecraft:chicken":1,"minecraft:leather":5,"minecraft:oak_log":12,"megamons:anistarite_geode_block":2,"minecraft:string":3,"minecraft:dirt":4,"minecraft:raw_copper":11,"minecraft:cooked_mutton":1,"minecraft:bone":5,"minecraft:bow":2,"minecraft:wheat_seeds":9,"cobblemon:black_apricorn":3,"minecraft:cobbled_deepslate":2,"minecraft:raw_gold":3,"minecraft:beef":3,"minecraft:cooked_chicken":1,"minecraft:acacia_sapling":7,"minecraft:mangrove_log":17,"minecraft:furnace":1,"minecraft:egg":3,"minecraft:raw_iron":15,"minecraft:stick":13,"cobblemon:black_apricorn_seed":1,"minecraft:acacia_log":23,"unimplemented_items:dry_root":3,"minecraft:porkchop":7,"minecraft:cherry_log":10,"minecraft:spider_eye":1,"minecraft:diamond":5,"minecraft:arrow":7,"minecraft:rotten_flesh":7,"minecraft:tropical_fish":1,"minecraft:cherry_sapling":3,"minecraft:oak_sapling":6,"minecraft:glow_berries":2,"minecraft:coal":71,"minecraft:mutton":3,"cobblemon:blue_apricorn":1,"minecraft:white_wool":3,"minecraft:cobblestone":38},"minecraft:custom":{"minecraft:interact_with_furnace":3,"minecraft:mob_kills":28,"minecraft:interact_with_crafting_table":8,"minecraft:leave_game":3,"minecraft:time_since_death":84962,"minecraft:sleep_in_bed":1,"minecraft:climb_one_cm":977,"minecraft:time_since_rest":37583,"minecraft:sprint_one_cm":105194,"minecraft:damage_taken":1298,"minecraft:walk_one_cm":141705,"minecraft:damage_blocked_by_shield":777,"minecraft:drop":16,"minecraft:damage_dealt":3843,"minecraft:swim_one_cm":3041,"minecraft:talked_to_villager":1,"minecraft:fly_one_cm":222668,"minecraft:open_chest":4,"minecraft:crouch_one_cm":4516,"minecraft:play_time":91038,"minecraft:deaths":1,"minecraft:sneak_time":1814,"minecraft:walk_under_water_one_cm":1355,"minecraft:jump":1055,"minecraft:walk_on_water_one_cm":4157,"minecraft:total_world_time":91038,"minecraft:fall_one_cm":21667},"minecraft:broken":{"minecraft:wooden_axe":1},"minecraft:killed_by":{"cobblemon:pokemon":1},"minecraft:dropped":{"minecraft:wheat_seeds":4,"unimplemented_items:dry_root":1,"minecraft:tropical_fish":1,"cobblenav:pokenav_item_black":1,"minecraft:arrow":5,"minecraft:bow":2,"minecraft:wooden_pickaxe":1,"minecraft:stone_pickaxe":1,"minecraft:string":3,"minecraft:egg":1},"minecraft:crafted":{"minecraft:crafting_table":1,"minecraft:wooden_pickaxe":1,"immersive_armors:wooden_leggings":1,"minecraft:furnace":1,"minecraft:stone_axe":1,"minecraft:air":0,"immersive_armors:wooden_chestplate":1,"immersive_armors:wooden_boots":1,"minecraft:stick":4,"minecraft:iron_ingot":6,"minecraft:iron_pickaxe":1,"minecraft:stone_pickaxe":1,"minecraft:wooden_axe":1,"immersive_armors:wooden_helmet":1,"minecraft:acacia_planks":24,"minecraft:torch":4},"minecraft:killed":{"minecraft:cave_spider":2,"minecraft:pig":4,"cobblemon:pokemon":1,"minecraft:spider":2,"minecraft:sheep":2,"minecraft:skeleton":5,"minecraft:zombie":5,"minecraft:chicken":1,"minecraft:cow":1}},"DataVersion":3465}