{"stats":{"minecraft:dropped":{"minecraft:wheat_seeds":1,"minecraft:egg":1},"minecraft:custom":{"minecraft:jump":137,"minecraft:time_since_rest":6554,"minecraft:damage_dealt":75,"minecraft:damage_taken":301,"minecraft:crouch_one_cm":74,"minecraft:leave_game":2,"minecraft:play_time":11854,"minecraft:sprint_one_cm":13376,"minecraft:time_since_death":5778,"minecraft:walk_one_cm":14321,"minecraft:deaths":1,"minecraft:sneak_time":68,"minecraft:total_world_time":11854,"minecraft:fall_one_cm":4089,"minecraft:drop":2,"minecraft:fly_one_cm":47571},"minecraft:killed_by":{"cobblemon:pokemon":1},"minecraft:mined":{"minecraft:tall_grass":1,"minecraft:grass":4},"minecraft:used":{"minecraft:egg":1},"minecraft:picked_up":{"minecraft:wheat_seeds":1,"minecraft:egg":2}},"DataVersion":3465}