{"stats":{"minecraft:used":{"minecraft:moss_block":2,"minecraft:moss_carpet":1,"minecraft:iron_shovel":12,"minecraft:shield":4,"minecraft:cooked_chicken":1,"minecraft:rotten_flesh":7,"minecraft:torch":9,"cobblemon:pasture":1,"minecraft:dirt":4,"minecraft:mutton":3,"minecraft:acacia_sapling":1,"minecraft:wooden_axe":58,"minecraft:iron_axe":62,"cobblemon:pc":12,"minecraft:bow":2,"minecraft:beef":5,"minecraft:oak_sapling":1,"minecraft:furnace":3,"minecraft:egg":2,"minecraft:cooked_beef":7,"minecraft:cobbled_deepslate":18,"minecraft:cooked_mutton":1,"minecraft:water_bucket":13,"minecraft:stone_pickaxe":83,"minecraft:wooden_pickaxe":8,"minecraft:glow_berries":27,"minecraft:crafting_table":9,"cobblemon:black_apricorn_seed":1,"minecraft:blast_furnace":1,"minecraft:melon_slice":6,"minecraft:bread":26,"minecraft:iron_pickaxe":189,"minecraft:stone_axe":95,"minecraft:cobblestone":25,"travelersbackpack:standard":7,"minecraft:porkchop":9,"minecraft:bucket":14,"minecraft:bone_meal":24},"minecraft:mined":{"minecraft:mossy_cobblestone":6,"minecraft:deepslate_diamond_ore":18,"minecraft:cherry_log":20,"minecraft:lever":1,"minecraft:acacia_log":26,"minecraft:grass_block":1,"minecraft:moss_block":1,"minecraft:chiseled_stone_bricks":1,"minecraft:spawner":2,"minecraft:hay_block":25,"minecraft:furnace":2,"minecraft:iron_ore":19,"minecraft:cobbled_deepslate":1,"minecraft:cave_vines":1,"minecraft:deepslate_iron_ore":30,"minecraft:stone":37,"minecraft:tripwire":2,"megamons:anistarite_geode_block":2,"minecraft:crafting_table":9,"minecraft:blast_furnace":1,"minecraft:melon":2,"minecraft:dead_bush":1,"minecraft:campfire":1,"minecraft:tall_grass":9,"minecraft:copper_ore":9,"minecraft:cobblestone":8,"minecraft:deepslate_gold_ore":32,"minecraft:wall_torch":2,"minecraft:big_dripleaf":1,"minecraft:mud":2,"minecraft:grass":52,"minecraft:oak_log":12,"minecraft:coal_ore":46,"minecraft:cocoa":1,"minecraft:sand":14,"minecraft:dirt":3,"minecraft:mangrove_log":18,"universal_ores:tuff_iron_ore":1,"minecraft:deepslate":43,"minecraft:fern":1},"minecraft:picked_up":{"minecraft:cocoa_beans":3,"minecraft:charcoal":2,"minecraft:crafting_table":9,"minecraft:chicken":2,"minecraft:clay_ball":12,"minecraft:red_bed":1,"minecraft:string":7,"minecraft:raw_copper":26,"minecraft:moss_carpet":7,"cobblemon:link_cable":2,"minecraft:cobbled_deepslate":43,"artifacts:aqua_dashers":1,"minecraft:beef":13,"minecraft:azalea":3,"minecraft:melon_slice":6,"minecraft:egg":6,"minecraft:furnace":2,"minecraft:mangrove_log":17,"minecraft:raw_iron":49,"minecraft:stick":13,"minecraft:big_dripleaf":4,"minecraft:acacia_log":23,"minecraft:torch":3,"unimplemented_items:dry_root":6,"minecraft:porkchop":10,"minecraft:cherry_log":10,"artifacts:snorkel":1,"minecraft:arrow":12,"minecraft:rotten_flesh":13,"minecraft:tropical_fish":1,"minecraft:hay_block":25,"minecraft:glow_berries":27,"minecraft:mutton":3,"cobblemon:blue_apricorn":1,"minecraft:white_wool":3,"minecraft:cobblestone":44,"minecraft:feather":2,"minecraft:cooked_beef":7,"minecraft:leather":11,"minecraft:oak_log":12,"megamons:anistarite_geode_block":2,"minecraft:dirt":4,"minecraft:cooked_mutton":1,"minecraft:bone":17,"minecraft:acacia_planks":1,"minecraft:bow":2,"cobblemon:black_apricorn":10,"minecraft:wheat_seeds":21,"minecraft:raw_gold":32,"minecraft:cooked_chicken":1,"minecraft:moss_block":2,"minecraft:acacia_sapling":7,"minecraft:chiseled_stone_bricks":1,"cobblemon:black_apricorn_seed":1,"minecraft:sand":13,"minecraft:blast_furnace":1,"minecraft:acacia_stairs":1,"minecraft:spider_eye":1,"minecraft:mossy_cobblestone":5,"minecraft:diamond":18,"minecraft:lever":1,"minecraft:cherry_sapling":3,"minecraft:bread":11,"minecraft:oak_sapling":7,"minecraft:coal":145},"minecraft:custom":{"minecraft:mob_kills":58,"minecraft:interact_with_crafting_table":30,"minecraft:open_barrel":15,"minecraft:leave_game":5,"minecraft:time_since_death":79113,"minecraft:climb_one_cm":3159,"minecraft:sprint_one_cm":343970,"minecraft:walk_one_cm":324027,"minecraft:damage_blocked_by_shield":2937,"minecraft:drop":49,"minecraft:talked_to_villager":2,"minecraft:play_time":231268,"minecraft:deaths":3,"minecraft:sneak_time":3351,"minecraft:walk_under_water_one_cm":14070,"minecraft:jump":3212,"minecraft:interact_with_blast_furnace":34,"minecraft:walk_on_water_one_cm":24356,"minecraft:total_world_time":231268,"minecraft:interact_with_furnace":26,"minecraft:sleep_in_bed":7,"minecraft:time_since_rest":0,"minecraft:damage_taken":3366,"minecraft:damage_dealt":8818,"minecraft:swim_one_cm":13847,"minecraft:fly_one_cm":713496,"minecraft:open_chest":52,"minecraft:crouch_one_cm":8172,"minecraft:interact_with_smoker":2,"minecraft:fall_one_cm":61917,"minecraft:horse_one_cm":298},"minecraft:broken":{"minecraft:stone_axe":1,"minecraft:wooden_axe":1},"minecraft:killed_by":{"cobblemon:pokemon":1,"artifacts:mimic":2},"minecraft:dropped":{"minecraft:iron_ingot":3,"minecraft:bread":11,"minecraft:wheat_seeds":5,"unimplemented_items:dry_root":1,"minecraft:crafting_table":1,"minecraft:saddle":1,"minecraft:tropical_fish":1,"cobblemon:link_cable":2,"minecraft:stick":2,"rotomphonecobblemonfabric:rotom_phone":1,"minecraft:red_bed":1,"cobblenav:pokenav_item_black":1,"immersive_armors:wooden_leggings":1,"immersive_armors:wooden_chestplate":1,"minecraft:string":3,"minecraft:acacia_planks":1,"minecraft:moss_carpet":6,"minecraft:cocoa_beans":3,"immersive_armors:wooden_boots":1,"minecraft:rotten_flesh":4,"minecraft:clay_ball":12,"minecraft:acacia_stairs":1,"minecraft:big_dripleaf":4,"minecraft:charcoal":2,"minecraft:azalea":3,"minecraft:spider_eye":1,"minecraft:arrow":8,"minecraft:bow":2,"minecraft:wooden_pickaxe":1,"minecraft:stone_pickaxe":1,"immersive_armors:wooden_helmet":1,"minecraft:egg":1},"minecraft:crafted":{"minecraft:smooth_stone":2,"minecraft:oak_planks":12,"minecraft:furnace":1,"minecraft:stone":2,"minecraft:bone_meal":48,"minecraft:glass_pane":16,"immersive_armors:wooden_chestplate":1,"minecraft:glass":13,"minecraft:hopper":1,"rotomphonecobblemonfabric:rotom_phone":2,"minecraft:iron_boots":1,"minecraft:iron_axe":1,"minecraft:stone_pickaxe":1,"minecraft:chest":1,"cobblemon:pasture":1,"immersive_armors:wooden_helmet":1,"minecraft:wheat":225,"minecraft:cooked_beef":8,"minecraft:crafting_table":2,"minecraft:wooden_pickaxe":1,"minecraft:iron_helmet":1,"immersive_armors:wooden_leggings":1,"cobblemon:pc":1,"minecraft:copper_ingot":26,"minecraft:mangrove_planks":8,"minecraft:bucket":1,"minecraft:stone_axe":1,"minecraft:bread":75,"minecraft:air":0,"immersive_armors:wooden_boots":1,"minecraft:iron_chestplate":1,"minecraft:shield":1,"minecraft:stick":16,"minecraft:iron_ingot":170,"minecraft:iron_pickaxe":1,"minecraft:wooden_axe":1,"minecraft:iron_shovel":1,"minecraft:gold_ingot":52,"minecraft:iron_leggings":1,"minecraft:acacia_planks":24,"minecraft:torch":20},"minecraft:killed":{"minecraft:cave_spider":2,"minecraft:spider":4,"minecraft:skeleton":15,"minecraft:chicken":2,"minecraft:drowned":1,"artifacts:mimic":1,"minecraft:husk":1,"minecraft:pig":6,"cobblemon:pokemon":1,"minecraft:sheep":2,"minecraft:zombie":13,"minecraft:cow":5}},"DataVersion":3465}