{"stats":{"minecraft:killed_by":{"cobblemon:pokemon":1},"minecraft:dropped":{"minecraft:wheat_seeds":1,"minecraft:egg":1},"minecraft:mined":{"minecraft:grass":4,"minecraft:tall_grass":1},"minecraft:picked_up":{"minecraft:wheat_seeds":1,"minecraft:egg":2},"minecraft:custom":{"minecraft:jump":136,"minecraft:time_since_rest":3578,"minecraft:crouch_one_cm":14,"minecraft:damage_dealt":75,"minecraft:deaths":1,"minecraft:sprint_one_cm":13058,"minecraft:leave_game":2,"minecraft:play_time":8878,"minecraft:damage_taken":301,"minecraft:time_since_death":2802,"minecraft:walk_one_cm":13746,"minecraft:sneak_time":48,"minecraft:total_world_time":8878,"minecraft:drop":2,"minecraft:fall_one_cm":4089,"minecraft:fly_one_cm":42692},"minecraft:used":{"minecraft:egg":1}},"DataVersion":3465}