{"stats":{"minecraft:dropped":{"minecraft:iron_ingot":6,"minecraft:bread":11,"minecraft:moss_block":6,"minecraft:wheat_seeds":46,"unimplemented_items:dry_root":5,"minecraft:mossy_cobblestone":5,"minecraft:crafting_table":1,"minecraft:cobblestone":5,"cobblemon:yellow_apricorn_seed":1,"minecraft:saddle":1,"minecraft:tropical_fish":1,"cobblemon:link_cable":2,"minecraft:stick":2,"rotomphonecobblemonfabric:rotom_phone":1,"minecraft:red_bed":1,"cobblenav:pokenav_item_black":1,"immersive_armors:wooden_leggings":1,"minecraft:iron_axe":1,"immersive_armors:wooden_chestplate":1,"myths_and_legends:zygarde_cell":1,"minecraft:string":3,"minecraft:acacia_planks":1,"cobblemon:ultra_ball":20,"minecraft:moss_carpet":6,"myths_and_legends:blue_orb":1,"minecraft:lever":1,"cobblemon:big_root":1,"minecraft:cocoa_beans":3,"immersive_armors:wooden_boots":1,"minecraft:rotten_flesh":7,"minecraft:clay_ball":12,"cobblemon:quick_ball":54,"minecraft:acacia_stairs":1,"minecraft:chiseled_stone_bricks":1,"minecraft:big_dripleaf":4,"minecraft:poppy":1,"cobblenav:pokenav_item_gray":2,"minecraft:charcoal":2,"minecraft:azalea":3,"minecraft:stone_pressure_plate":1,"minecraft:spider_eye":1,"minecraft:sandstone":1,"minecraft:arrow":8,"minecraft:bow":2,"minecraft:stone_pickaxe":1,"minecraft:wooden_pickaxe":1,"immersive_armors:wooden_helmet":1,"minecraft:egg":1},"minecraft:custom":{"minecraft:mob_kills":63,"minecraft:interact_with_crafting_table":38,"minecraft:open_barrel":16,"minecraft:leave_game":18,"minecraft:time_since_death":55422,"minecraft:climb_one_cm":3159,"minecraft:sprint_one_cm":472342,"minecraft:walk_one_cm":505136,"minecraft:damage_blocked_by_shield":3905,"minecraft:drop":81,"minecraft:talked_to_villager":2,"minecraft:play_time":358743,"minecraft:sneak_time":5351,"minecraft:deaths":5,"minecraft:walk_under_water_one_cm":20026,"minecraft:jump":4716,"minecraft:interact_with_blast_furnace":35,"minecraft:walk_on_water_one_cm":34368,"minecraft:total_world_time":358743,"minecraft:interact_with_furnace":27,"minecraft:sleep_in_bed":11,"minecraft:time_since_rest":57754,"minecraft:damage_taken":4802,"minecraft:damage_dealt":9921,"minecraft:swim_one_cm":13847,"minecraft:fly_one_cm":1093935,"minecraft:open_chest":89,"minecraft:crouch_one_cm":14801,"minecraft:interact_with_smoker":2,"minecraft:fall_one_cm":103127,"minecraft:horse_one_cm":298},"minecraft:killed":{"minecraft:cave_spider":2,"minecraft:spider":4,"minecraft:skeleton":16,"minecraft:chicken":2,"minecraft:drowned":1,"artifacts:mimic":1,"minecraft:husk":4,"minecraft:pig":6,"cobblemon:pokemon":2,"minecraft:sheep":2,"minecraft:zombie":13,"minecraft:cow":5},"minecraft:killed_by":{"cobblemon:pokemon":2,"artifacts:mimic":2,"minecraft:zombie":1},"minecraft:mined":{"minecraft:stone_pressure_plate":1,"minecraft:mossy_cobblestone":6,"minecraft:deepslate_diamond_ore":18,"minecraft:cherry_log":20,"minecraft:lever":1,"minecraft:acacia_log":26,"minecraft:grass_block":54,"minecraft:moss_block":4,"minecraft:sandstone":1,"minecraft:chiseled_stone_bricks":1,"minecraft:spawner":2,"minecraft:hay_block":25,"minecraft:furnace":2,"minecraft:iron_ore":22,"minecraft:cobbled_deepslate":2,"minecraft:cave_vines":1,"minecraft:dirt_path":7,"minecraft:deepslate_iron_ore":30,"minecraft:stone":39,"minecraft:tripwire":2,"megamons:anistarite_geode_block":2,"cobblemon:black_apricorn_sapling":2,"minecraft:crafting_table":9,"minecraft:torch":1,"minecraft:blast_furnace":1,"minecraft:melon":2,"minecraft:dead_bush":1,"minecraft:campfire":1,"minecraft:copper_ore":9,"minecraft:tall_grass":9,"minecraft:cobblestone":8,"minecraft:deepslate_gold_ore":32,"minecraft:wall_torch":2,"minecraft:big_dripleaf":1,"minecraft:mud":2,"minecraft:grass":57,"minecraft:coal_ore":46,"minecraft:oak_log":12,"minecraft:cocoa":1,"minecraft:sand":14,"minecraft:dirt":8,"minecraft:mangrove_log":18,"universal_ores:tuff_iron_ore":1,"minecraft:deepslate":43,"minecraft:fern":2},"minecraft:used":{"minecraft:moss_block":2,"minecraft:moss_carpet":1,"minecraft:iron_shovel":85,"minecraft:shield":35,"minecraft:cooked_chicken":1,"minecraft:rotten_flesh":7,"minecraft:torch":10,"cobblemon:pasture":1,"minecraft:dirt":48,"minecraft:mutton":3,"minecraft:acacia_sapling":1,"minecraft:wooden_axe":58,"minecraft:iron_axe":74,"fwaystones:desert_waystone":1,"minecraft:beef":5,"cobblemon:pc":12,"minecraft:bow":2,"minecraft:oak_sapling":1,"minecraft:furnace":3,"minecraft:egg":2,"minecraft:cooked_beef":10,"minecraft:cobbled_deepslate":18,"minecraft:cooked_mutton":1,"minecraft:water_bucket":26,"minecraft:stone_pickaxe":83,"minecraft:wooden_pickaxe":8,"minecraft:glow_berries":27,"minecraft:blast_furnace":1,"cobblemon:black_apricorn_seed":5,"minecraft:crafting_table":9,"cobblemon:yellow_apricorn_seed":2,"minecraft:bread":41,"minecraft:melon_slice":6,"minecraft:iron_pickaxe":198,"minecraft:stone_axe":95,"travelersbackpack:standard":14,"minecraft:cobblestone":25,"minecraft:porkchop":9,"minecraft:bucket":27,"minecraft:bone_meal":246,"cobblemon:blue_apricorn_seed":4},"minecraft:broken":{"minecraft:stone_axe":1,"minecraft:wooden_axe":1},"minecraft:picked_up":{"minecraft:cocoa_beans":3,"minecraft:charcoal":2,"minecraft:crafting_table":10,"cobblenav:pokenav_item_gray":2,"minecraft:chicken":3,"minecraft:clay_ball":12,"cobblemon:yellow_apricorn":48,"minecraft:moss_carpet":7,"minecraft:string":7,"minecraft:red_bed":1,"minecraft:raw_copper":26,"minecraft:iron_axe":1,"fwaystones:desert_waystone":1,"cobblemon:link_cable":2,"minecraft:cobbled_deepslate":44,"artifacts:aqua_dashers":1,"minecraft:beef":13,"minecraft:azalea":3,"minecraft:poppy":1,"cobblemon:quick_ball":26,"minecraft:melon_slice":6,"minecraft:mangrove_log":17,"minecraft:furnace":2,"minecraft:egg":6,"minecraft:stick":14,"minecraft:raw_iron":52,"minecraft:sandstone":1,"minecraft:big_dripleaf":4,"minecraft:torch":4,"unimplemented_items:dry_root":11,"minecraft:acacia_log":23,"minecraft:porkchop":10,"minecraft:cherry_log":10,"minecraft:stone_pressure_plate":1,"artifacts:snorkel":1,"minecraft:arrow":14,"minecraft:rotten_flesh":16,"myths_and_legends:blue_orb":1,"minecraft:tropical_fish":1,"minecraft:hay_block":25,"minecraft:glow_berries":27,"minecraft:mutton":3,"cobblemon:blue_apricorn":22,"minecraft:white_wool":3,"minecraft:cobblestone":52,"minecraft:feather":2,"minecraft:cooked_beef":7,"minecraft:leather":11,"minecraft:oak_log":12,"myths_and_legends:zygarde_cell":1,"megamons:anistarite_geode_block":2,"minecraft:dirt":84,"minecraft:cooked_mutton":1,"minecraft:bone":19,"minecraft:acacia_planks":1,"minecraft:bow":2,"minecraft:wheat_seeds":24,"cobblemon:black_apricorn":30,"minecraft:raw_gold":32,"minecraft:iron_ingot":3,"minecraft:cooked_chicken":1,"minecraft:moss_block":8,"minecraft:acacia_sapling":7,"minecraft:chiseled_stone_bricks":1,"cobblemon:black_apricorn_seed":5,"cobblemon:blue_apricorn_seed":3,"minecraft:sand":19,"cobblemon:yellow_apricorn_seed":2,"minecraft:blast_furnace":1,"minecraft:acacia_stairs":1,"minecraft:spider_eye":1,"minecraft:mossy_cobblestone":5,"minecraft:diamond":18,"minecraft:lever":1,"minecraft:bone_meal":51,"minecraft:cherry_sapling":3,"minecraft:bread":11,"minecraft:oak_sapling":7,"minecraft:coal":145},"minecraft:crafted":{"minecraft:smooth_stone":2,"minecraft:oak_planks":12,"minecraft:furnace":1,"minecraft:stone":2,"minecraft:bone_meal":195,"immersive_armors:wooden_chestplate":1,"minecraft:glass_pane":16,"minecraft:glass":13,"minecraft:hopper":1,"rotomphonecobblemonfabric:rotom_phone":2,"minecraft:iron_boots":1,"minecraft:iron_axe":1,"minecraft:stone_pickaxe":1,"minecraft:chest":1,"cobblemon:pasture":1,"immersive_armors:wooden_helmet":1,"minecraft:wheat":225,"minecraft:cooked_beef":8,"minecraft:crafting_table":2,"minecraft:wooden_pickaxe":1,"minecraft:iron_helmet":1,"immersive_armors:wooden_leggings":1,"cobblemon:pc":1,"minecraft:copper_ingot":26,"minecraft:mangrove_planks":8,"minecraft:bucket":1,"minecraft:stone_axe":1,"minecraft:bread":75,"minecraft:air":0,"immersive_armors:wooden_boots":1,"cobblemon:quick_ball":56,"minecraft:iron_chestplate":1,"minecraft:shield":1,"minecraft:stick":16,"minecraft:iron_ingot":170,"minecraft:iron_pickaxe":1,"minecraft:wooden_axe":1,"minecraft:iron_shovel":1,"minecraft:iron_leggings":1,"minecraft:gold_ingot":52,"minecraft:acacia_planks":24,"minecraft:torch":20,"cobblemon:ultra_ball":40}},"DataVersion":3465}