{"stats":{"minecraft:dropped":{"minecraft:bread":3,"minecraft:candle":3,"minecraft:moss_block":6,"minecraft:wheat_seeds":8,"unimplemented_items:dry_root":7,"minecraft:diamond_axe":1,"minecraft:crafting_table":1,"minecraft:glow_berries":10,"cobblemon:link_cable":1,"minecraft:stick":2,"minecraft:orange_glazed_terracotta":1,"minecraft:dirt":5,"minecraft:torch":9,"minecraft:bone_meal":51,"myths_and_legends:zygarde_cell":1,"minecraft:string":4,"minecraft:gravel":6,"minecraft:moss_carpet":10,"myths_and_legends:blue_orb":1,"minecraft:blackstone":2,"minecraft:wheat":277,"cobblemon:yellow_apricorn":10,"universal_graves:grave_compass":1,"minecraft:clay_ball":32,"megamons:anistarite_geode_block":2,"minecraft:big_dripleaf":3,"create:veridium":10,"minecraft:orange_terracotta":3,"minecraft:diamond_pickaxe":1,"minecraft:andesite":3,"minecraft:azalea":2,"minecraft:acacia_slab":4,"minecraft:oak_sapling":5,"minecraft:acacia_sapling":3,"minecraft:spider_eye":7,"minecraft:sandstone":4,"minecraft:arrow":2},"minecraft:custom":{"minecraft:mob_kills":46,"minecraft:interact_with_crafting_table":43,"minecraft:open_barrel":27,"minecraft:bell_ring":13,"minecraft:leave_game":10,"minecraft:time_since_death":4122,"minecraft:climb_one_cm":2924,"minecraft:sprint_one_cm":180982,"minecraft:walk_one_cm":723719,"minecraft:damage_blocked_by_shield":1860,"minecraft:drop":66,"minecraft:talked_to_villager":14,"minecraft:play_time":229543,"minecraft:sneak_time":13144,"minecraft:deaths":2,"minecraft:walk_under_water_one_cm":17668,"minecraft:jump":2099,"minecraft:interact_with_blast_furnace":19,"minecraft:walk_on_water_one_cm":49026,"minecraft:enchant_item":6,"minecraft:total_world_time":229543,"minecraft:interact_with_furnace":10,"minecraft:interact_with_grindstone":4,"minecraft:sleep_in_bed":11,"minecraft:time_since_rest":4161,"minecraft:damage_taken":2058,"minecraft:trigger_trapped_chest":1,"minecraft:damage_dealt":9930,"minecraft:swim_one_cm":26580,"minecraft:fly_one_cm":194968,"minecraft:open_chest":70,"minecraft:crouch_one_cm":35456,"minecraft:interact_with_smoker":1,"minecraft:fall_one_cm":45154,"minecraft:inspect_dispenser":1},"minecraft:killed":{"minecraft:spider":5,"minecraft:slime":1,"minecraft:skeleton":9,"minecraft:horse":2,"artifacts:mimic":3,"cobblemon:pokemon":2,"minecraft:iron_golem":2,"minecraft:creeper":3,"minecraft:zombie":9,"minecraft:cow":8},"minecraft:killed_by":{"cobblemon:pokemon":1,"minecraft:skeleton":1},"minecraft:mined":{"minecraft:tuff":5,"minecraft:farmland":27,"minecraft:deepslate_diamond_ore":11,"minecraft:brewing_stand":4,"minecraft:obsidian":16,"megamons:crystal_shiny_stone_ore":2,"minecraft:cave_vines_plant":2,"minecraft:acacia_log":58,"minecraft:grass_block":312,"minecraft:redstone_wire":1,"minecraft:moss_block":65,"minecraft:cartography_table":4,"minecraft:sandstone":4,"minecraft:hay_block":55,"minecraft:smooth_stone":1,"minecraft:raw_iron_block":1,"minecraft:redstone_ore":3,"minecraft:furnace":1,"minecraft:acacia_trapdoor":1,"minecraft:iron_ore":80,"minecraft:cobbled_deepslate":3,"minecraft:barrel":1,"minecraft:acacia_wood":1,"minecraft:acacia_stairs":36,"minecraft:andesite":11,"minecraft:moss_carpet":5,"minecraft:deepslate_lapis_ore":5,"minecraft:fletching_table":1,"minecraft:dirt_path":76,"minecraft:water_cauldron":8,"minecraft:cave_vines":7,"minecraft:deepslate_iron_ore":44,"minecraft:rail":27,"minecraft:azalea":5,"minecraft:stone":332,"create:veridium":10,"minecraft:orange_bed":20,"minecraft:orange_glazed_terracotta":1,"minecraft:acacia_leaves":29,"megamons:anistarite_geode_block":3,"minecraft:red_bed":3,"minecraft:blackstone":2,"minecraft:smoker":1,"minecraft:orange_terracotta":7,"minecraft:clay":12,"minecraft:crafting_table":6,"minecraft:torch":9,"minecraft:blast_furnace":2,"minecraft:dead_bush":1,"minecraft:copper_ore":1,"minecraft:glass":2,"minecraft:tall_grass":34,"minecraft:cobblestone":35,"minecraft:deepslate_gold_ore":20,"minecraft:oak_planks":5,"minecraft:grindstone":3,"minecraft:sugar_cane":4,"minecraft:wall_torch":1,"minecraft:cauldron":4,"minecraft:wheat":8,"minecraft:grass":71,"minecraft:oak_log":33,"minecraft:coal_ore":45,"minecraft:gravel":3,"minecraft:sand":53,"minecraft:acacia_door":1,"minecraft:dirt":195,"minecraft:smooth_basalt":1,"minecraft:acacia_planks":55,"minecraft:small_dripleaf":1,"universal_ores:tuff_iron_ore":6,"minecraft:oak_leaves":39,"minecraft:deepslate":22,"minecraft:fern":2},"minecraft:used":{"minecraft:azalea":4,"minecraft:moss_block":29,"minecraft:iron_shovel":508,"minecraft:enchanting_table":1,"minecraft:redstone":1,"minecraft:oak_sign":3,"minecraft:chest":4,"minecraft:shield":35,"minecraft:stone_hoe":80,"minecraft:rotten_flesh":7,"minecraft:orange_bed":20,"minecraft:torch":131,"minecraft:brewing_stand":2,"minecraft:dirt":573,"minecraft:tuff":4,"minecraft:glass":52,"minecraft:barrel":2,"minecraft:smooth_basalt":1,"minecraft:bow":15,"minecraft:oak_sapling":1,"minecraft:furnace":1,"minecraft:minecart":6,"minecraft:cobbled_deepslate":32,"minecraft:acacia_planks":78,"minecraft:wheat_seeds":39,"minecraft:water_bucket":37,"minecraft:acacia_trapdoor":7,"minecraft:powered_rail":3,"minecraft:cartography_table":2,"minecraft:redstone_block":1,"minecraft:composter":2,"minecraft:cauldron":4,"minecraft:diamond_axe":413,"minecraft:cobblestone_slab":16,"minecraft:golden_apple":1,"minecraft:glow_berries":38,"minecraft:sand":2,"minecraft:rail":83,"minecraft:blast_furnace":3,"minecraft:red_bed":3,"minecraft:crafting_table":10,"minecraft:smoker":1,"minecraft:diamond_pickaxe":498,"minecraft:diamond_shovel":144,"minecraft:iron_pickaxe":255,"minecraft:bread":21,"minecraft:cobblestone":36,"minecraft:grindstone":1,"minecraft:andesite":8,"minecraft:bucket":37,"minecraft:oak_boat":1,"minecraft:bone_meal":3},"minecraft:broken":{"minecraft:iron_shovel":2,"minecraft:iron_pickaxe":1},"minecraft:picked_up":{"minecraft:crafting_table":7,"minecraft:golden_pickaxe":1,"minecraft:clay_ball":152,"cobblemon:yellow_apricorn":10,"minecraft:brewing_stand":4,"minecraft:string":5,"minecraft:red_bed":3,"minecraft:moss_carpet":13,"minecraft:raw_copper":2,"minecraft:acacia_door":1,"minecraft:orange_glazed_terracotta":2,"minecraft:blackstone":2,"cobblemon:link_cable":1,"minecraft:cobbled_deepslate":37,"minecraft:cartography_table":4,"minecraft:candle":3,"minecraft:smooth_stone":1,"minecraft:beef":10,"minecraft:oak_boat":1,"minecraft:minecart":5,"minecraft:azalea":6,"cobblemon:quick_ball":28,"minecraft:sugar_cane":7,"minecraft:furnace":1,"minecraft:stick":26,"minecraft:raw_iron":138,"minecraft:sandstone":4,"minecraft:big_dripleaf":3,"minecraft:torch":26,"unimplemented_items:dry_root":14,"minecraft:acacia_log":58,"minecraft:redstone":16,"minecraft:cauldron":12,"minecraft:orange_bed":20,"artifacts:snorkel":1,"minecraft:arrow":17,"minecraft:rotten_flesh":10,"myths_and_legends:blue_orb":1,"minecraft:hay_block":55,"create:veridium":10,"minecraft:saddle":1,"minecraft:rail":27,"minecraft:glow_berries":43,"minecraft:obsidian":16,"cobblemon:blue_apricorn":7,"minecraft:cobblestone":354,"cobblemon:ultra_ball":20,"minecraft:andesite":11,"minecraft:leather":12,"minecraft:smoker":1,"minecraft:acacia_wood":1,"minecraft:tuff":4,"minecraft:oak_log":32,"myths_and_legends:zygarde_cell":1,"cobblemon:soft_sand":1,"minecraft:gunpowder":20,"minecraft:lapis_lazuli":31,"megamons:anistarite_geode_block":3,"minecraft:dirt":611,"rotomphonecobblemonfabric:rotom_phone":1,"minecraft:orange_terracotta":10,"minecraft:bone":18,"minecraft:acacia_planks":54,"minecraft:bow":1,"minecraft:wheat_seeds":85,"minecraft:acacia_trapdoor":1,"minecraft:raw_gold":20,"minecraft:iron_ingot":12,"minecraft:grindstone":3,"minecraft:fletching_table":1,"minecraft:glass_bottle":7,"minecraft:moss_block":58,"minecraft:acacia_sapling":18,"minecraft:oak_planks":4,"minecraft:smooth_basalt":1,"minecraft:raw_iron_block":1,"cobblemon:shiny_stone":2,"minecraft:gravel":6,"minecraft:sand":71,"minecraft:blast_furnace":3,"minecraft:acacia_stairs":35,"artifacts:scarf_of_invisibility":1,"minecraft:trapped_chest":1,"minecraft:spider_eye":7,"minecraft:barrel":2,"cobblenav:pokenav_item_black":1,"artifacts:golden_hook":1,"minecraft:diamond":11,"minecraft:diamond_axe":2,"minecraft:bread":2,"minecraft:oak_sapling":19,"minecraft:melon_seeds":2,"minecraft:coal":59,"minecraft:diamond_pickaxe":1},"minecraft:crafted":{"minecraft:oak_planks":76,"minecraft:raw_iron":9,"minecraft:cobblestone_slab":18,"minecraft:oak_sign":6,"minecraft:furnace":1,"minecraft:bone_meal":54,"minecraft:diamond_shovel":1,"minecraft:glass":94,"minecraft:chest":4,"minecraft:redstone_block":1,"minecraft:rail":64,"minecraft:stone_hoe":1,"minecraft:minecart":1,"minecraft:smoker":1,"minecraft:wheat":324,"minecraft:crafting_table":4,"minecraft:powered_rail":6,"minecraft:enchanting_table":1,"minecraft:acacia_slab":18,"minecraft:acacia_trapdoor":6,"minecraft:bucket":2,"minecraft:bread":22,"minecraft:air":0,"minecraft:oak_boat":1,"minecraft:iron_chestplate":1,"minecraft:book":1,"minecraft:paper":3,"minecraft:diamond_pickaxe":1,"minecraft:shield":1,"minecraft:stick":28,"minecraft:iron_ingot":26,"minecraft:iron_pickaxe":1,"minecraft:iron_shovel":2,"minecraft:iron_leggings":1,"minecraft:composter":2,"minecraft:acacia_planks":160,"minecraft:torch":108}},"DataVersion":3465}