{"stats":{"minecraft:used":{"minecraft:azalea":4,"minecraft:moss_block":29,"minecraft:iron_shovel":255,"minecraft:redstone":1,"minecraft:chest":4,"minecraft:shield":35,"minecraft:rotten_flesh":7,"minecraft:orange_bed":18,"minecraft:torch":91,"minecraft:brewing_stand":2,"minecraft:dirt":176,"minecraft:tuff":4,"minecraft:barrel":2,"minecraft:smooth_basalt":1,"minecraft:bow":15,"minecraft:oak_sapling":1,"minecraft:furnace":1,"minecraft:cobbled_deepslate":32,"minecraft:acacia_planks":78,"minecraft:water_bucket":20,"minecraft:cartography_table":2,"minecraft:composter":1,"minecraft:cauldron":4,"minecraft:diamond_axe":328,"minecraft:golden_apple":1,"minecraft:glow_berries":38,"minecraft:sand":2,"minecraft:crafting_table":6,"minecraft:red_bed":2,"minecraft:blast_furnace":3,"minecraft:smoker":1,"minecraft:diamond_pickaxe":233,"minecraft:iron_pickaxe":255,"minecraft:bread":16,"minecraft:cobblestone":3,"minecraft:grindstone":1,"minecraft:andesite":8,"minecraft:bucket":21,"minecraft:bone_meal":3},"minecraft:mined":{"minecraft:tuff":5,"minecraft:farmland":20,"minecraft:deepslate_diamond_ore":11,"minecraft:brewing_stand":2,"megamons:crystal_shiny_stone_ore":2,"minecraft:obsidian":16,"minecraft:cave_vines_plant":2,"minecraft:acacia_log":57,"minecraft:grass_block":69,"minecraft:redstone_wire":1,"minecraft:moss_block":58,"minecraft:cartography_table":2,"minecraft:sandstone":4,"minecraft:hay_block":55,"minecraft:smooth_stone":1,"minecraft:raw_iron_block":1,"minecraft:redstone_ore":3,"minecraft:furnace":1,"minecraft:iron_ore":80,"minecraft:cobbled_deepslate":3,"minecraft:barrel":1,"minecraft:acacia_wood":1,"minecraft:acacia_stairs":36,"minecraft:andesite":11,"minecraft:moss_carpet":5,"minecraft:fletching_table":1,"minecraft:deepslate_lapis_ore":5,"minecraft:dirt_path":41,"minecraft:cave_vines":7,"minecraft:deepslate_iron_ore":44,"minecraft:water_cauldron":8,"minecraft:azalea":5,"minecraft:stone":138,"create:veridium":10,"minecraft:orange_bed":18,"minecraft:orange_glazed_terracotta":1,"minecraft:acacia_leaves":29,"megamons:anistarite_geode_block":3,"minecraft:red_bed":2,"minecraft:blackstone":2,"minecraft:orange_terracotta":7,"minecraft:clay":12,"minecraft:crafting_table":3,"minecraft:torch":3,"minecraft:blast_furnace":2,"minecraft:tall_grass":30,"minecraft:cobblestone":6,"minecraft:deepslate_gold_ore":20,"minecraft:grindstone":2,"minecraft:sugar_cane":4,"minecraft:oak_planks":5,"minecraft:wheat":8,"minecraft:grass":49,"minecraft:oak_log":24,"minecraft:coal_ore":45,"minecraft:acacia_door":1,"minecraft:gravel":3,"minecraft:sand":45,"minecraft:dirt":86,"minecraft:smooth_basalt":1,"minecraft:acacia_planks":26,"minecraft:small_dripleaf":1,"universal_ores:tuff_iron_ore":6,"minecraft:oak_leaves":27,"minecraft:deepslate":22,"minecraft:fern":1},"minecraft:picked_up":{"minecraft:crafting_table":5,"minecraft:clay_ball":152,"minecraft:golden_pickaxe":1,"minecraft:brewing_stand":2,"minecraft:string":3,"minecraft:red_bed":2,"minecraft:moss_carpet":12,"minecraft:acacia_door":1,"minecraft:orange_glazed_terracotta":2,"minecraft:blackstone":2,"cobblemon:link_cable":1,"minecraft:cobbled_deepslate":37,"minecraft:cartography_table":2,"minecraft:candle":3,"minecraft:smooth_stone":1,"minecraft:beef":10,"minecraft:azalea":6,"minecraft:sugar_cane":7,"minecraft:furnace":1,"minecraft:stick":22,"minecraft:raw_iron":138,"minecraft:sandstone":4,"minecraft:big_dripleaf":3,"minecraft:torch":18,"unimplemented_items:dry_root":6,"minecraft:acacia_log":57,"minecraft:redstone":16,"minecraft:cauldron":8,"minecraft:orange_bed":18,"artifacts:snorkel":1,"minecraft:arrow":17,"minecraft:rotten_flesh":10,"minecraft:hay_block":55,"create:veridium":10,"minecraft:saddle":1,"minecraft:glow_berries":43,"minecraft:obsidian":16,"cobblemon:blue_apricorn":7,"minecraft:cobblestone":147,"minecraft:andesite":11,"minecraft:leather":12,"minecraft:acacia_wood":1,"minecraft:tuff":4,"minecraft:oak_log":23,"cobblemon:soft_sand":1,"minecraft:gunpowder":20,"minecraft:lapis_lazuli":31,"megamons:anistarite_geode_block":3,"minecraft:dirt":217,"rotomphonecobblemonfabric:rotom_phone":1,"minecraft:orange_terracotta":10,"minecraft:bone":18,"minecraft:acacia_planks":25,"minecraft:bow":1,"minecraft:wheat_seeds":28,"minecraft:raw_gold":20,"minecraft:grindstone":2,"minecraft:iron_ingot":4,"minecraft:fletching_table":1,"minecraft:glass_bottle":7,"minecraft:moss_block":50,"minecraft:acacia_sapling":15,"minecraft:oak_planks":4,"minecraft:smooth_basalt":1,"minecraft:raw_iron_block":1,"cobblemon:shiny_stone":2,"minecraft:gravel":6,"minecraft:sand":69,"minecraft:blast_furnace":3,"minecraft:acacia_stairs":35,"artifacts:scarf_of_invisibility":1,"minecraft:trapped_chest":1,"minecraft:spider_eye":7,"minecraft:barrel":2,"cobblenav:pokenav_item_black":1,"artifacts:golden_hook":1,"minecraft:diamond":11,"minecraft:diamond_axe":2,"minecraft:oak_sapling":11,"minecraft:melon_seeds":2,"minecraft:coal":59,"minecraft:diamond_pickaxe":1},"minecraft:custom":{"minecraft:mob_kills":41,"minecraft:interact_with_crafting_table":20,"minecraft:open_barrel":18,"minecraft:bell_ring":13,"minecraft:leave_game":5,"minecraft:time_since_death":138596,"minecraft:climb_one_cm":2924,"minecraft:sprint_one_cm":131478,"minecraft:walk_one_cm":426025,"minecraft:damage_blocked_by_shield":1860,"minecraft:drop":34,"minecraft:play_time":147343,"minecraft:sneak_time":8531,"minecraft:deaths":1,"minecraft:walk_under_water_one_cm":13451,"minecraft:jump":1700,"minecraft:interact_with_blast_furnace":12,"minecraft:walk_on_water_one_cm":28648,"minecraft:total_world_time":147343,"minecraft:interact_with_furnace":3,"minecraft:sleep_in_bed":5,"minecraft:time_since_rest":15,"minecraft:damage_taken":1600,"minecraft:trigger_trapped_chest":1,"minecraft:damage_dealt":7239,"minecraft:swim_one_cm":25674,"minecraft:fly_one_cm":154604,"minecraft:open_chest":34,"minecraft:crouch_one_cm":20542,"minecraft:fall_one_cm":39548,"minecraft:inspect_dispenser":1},"minecraft:killed_by":{"minecraft:skeleton":1},"minecraft:broken":{"minecraft:iron_shovel":1,"minecraft:iron_pickaxe":1},"minecraft:dropped":{"minecraft:candle":3,"minecraft:moss_block":5,"minecraft:wheat_seeds":1,"minecraft:diamond_axe":1,"minecraft:crafting_table":1,"minecraft:glow_berries":10,"cobblemon:link_cable":1,"minecraft:stick":2,"minecraft:orange_glazed_terracotta":1,"minecraft:dirt":1,"minecraft:torch":9,"minecraft:string":2,"minecraft:gravel":6,"minecraft:moss_carpet":9,"minecraft:blackstone":2,"minecraft:wheat":2,"minecraft:clay_ball":32,"megamons:anistarite_geode_block":2,"minecraft:big_dripleaf":3,"create:veridium":10,"minecraft:orange_terracotta":3,"minecraft:diamond_pickaxe":1,"minecraft:andesite":3,"minecraft:acacia_slab":4,"minecraft:azalea":2,"minecraft:spider_eye":7,"minecraft:arrow":2},"minecraft:crafted":{"minecraft:oak_planks":20,"minecraft:raw_iron":9,"minecraft:furnace":1,"minecraft:bone_meal":54,"minecraft:chest":4,"minecraft:smoker":1,"minecraft:wheat":324,"minecraft:crafting_table":2,"minecraft:acacia_slab":18,"minecraft:bucket":1,"minecraft:bread":22,"minecraft:air":0,"minecraft:iron_chestplate":1,"minecraft:diamond_pickaxe":1,"minecraft:shield":1,"minecraft:stick":20,"minecraft:iron_ingot":24,"minecraft:iron_pickaxe":1,"minecraft:iron_shovel":1,"minecraft:iron_leggings":1,"minecraft:composter":2,"minecraft:acacia_planks":140,"minecraft:torch":72},"minecraft:killed":{"minecraft:spider":5,"minecraft:slime":1,"minecraft:skeleton":9,"minecraft:horse":2,"artifacts:mimic":3,"cobblemon:pokemon":1,"minecraft:creeper":3,"minecraft:zombie":7,"minecraft:cow":8}},"DataVersion":3465}